Nombre,Apellido,Telefono,email,direccion
Fredy,Vasquez,96819973,fredy@gmail.com,bo. Dolores
Yuri,Duchesne,1028511658,yduchesne0@mtv.com,24002 Alpine Court
Faun,Nannizzi,3964537690,fnannizzi1@army.mil,2 Hudson Lane
Ophelia,Edgeson,6421308260,oedgeson2@pcworld.com,22220 Doe Crossing Crossing
Audrey,Jeggo,9653778722,ajeggo3@techcrunch.com,88840 Bunting Park
Rinaldo,Grissett,6914934620,rgrissett4@deliciousdays.com,0959 Pankratz Point
Krishna,Barrus,7236835853,kbarrus5@technorati.com,7824 Hollow Ridge Alley
Papagena,MacLice,7891235118,pmaclice6@unc.edu,27890 New Castle Circle
Berte,Milbank,9729123393,bmilbank7@kickstarter.com,98843 1st Point
Aggie,Rulton,2317342324,arulton8@imdb.com,3699 Lyons Center
Rosanne,Perford,4663145503,rperford9@netvibes.com,800 Harbort Junction
Vanessa,Barroux,6882434724,vbarrouxa@sogou.com,88 Tennyson Parkway
Benoit,Purtell,2599554466,bpurtellb@behance.net,88 Golden Leaf Point
Cheri,Stollenbecker,2291232504,cstollenbeckerc@utexas.edu,200 Kipling Pass
Samaria,Cristea,3697531315,scristead@4shared.com,09 Spaight Road
Reinaldo,Marqyes,8336429183,rmarqyese@digg.com,103 Esch Way
Delila,Parnby,9326914323,dparnbyf@creativecommons.org,5339 Pepper Wood Place
Orazio,Lissimore,3979752229,olissimoreg@unblog.fr,993 Melby Alley
Tommie,Domico,5204551177,tdomicoh@weather.com,7724 Waubesa Place
Herta,Hegley,5528987930,hhegleyi@bloglovin.com,3 Hollow Ridge Point
Belinda,Ripping,6204096881,brippingj@si.edu,48076 Thackeray Street
Keir,Rayson,7769747601,kraysonk@hatena.ne.jp,6 Carey Alley
Susette,McGaw,7976530117,smcgawl@narod.ru,4816 Dennis Road
Phaedra,Goodyear,2021477595,pgoodyearm@icio.us,870 Montana Pass
Grethel,Ingrem,7446207965,gingremn@geocities.jp,714 Wayridge Place
Ame,Aysik,6964148639,aaysiko@sphinn.com,08040 Melby Hill
Rudyard,Cranmere,1785135224,rcranmerep@eepurl.com,3327 Hoepker Point
Clair,Faughnan,5085783950,cfaughnanq@bizjournals.com,5 Corscot Circle
Haley,Branche,6072816597,hbrancher@netvibes.com,9471 Forest Run Junction
Leroi,Makepeace,4908881861,lmakepeaces@europa.eu,5769 Cambridge Road
Zelma,Lyokhin,9461246905,zlyokhint@privacy.gov.au,60 Novick Court
Jolie,Kharchinski,7203659135,jkharchinskiu@abc.net.au,43 Helena Alley
Clive,Zottoli,2871360584,czottoliv@sun.com,9355 Old Gate Alley
Godfree,Dearlove,7388125912,gdearlovew@phoca.cz,0899 Sheridan Avenue
Sibella,Castel,3709311264,scastelx@sitemeter.com,32 Brickson Park Point
Roby,Battisson,9595958660,rbattissony@rakuten.co.jp,82865 Crest Line Park
Taryn,Scholling,3228297049,tschollingz@skyrock.com,20242 La Follette Trail
Scarlet,Crockley,6798370922,scrockley10@nih.gov,8 Grasskamp Street
Christie,Vynehall,2872711071,cvynehall11@youtube.com,6 Myrtle Lane
Harriet,Hryniewicki,1591242588,hhryniewicki12@tinyurl.com,688 Sutherland Way
Ileana,Attarge,8921182871,iattarge13@shutterfly.com,5 Daystar Drive
Britni,Cadlock,2534343500,bcadlock14@shareasale.com,4 Hooker Hill
Natividad,Abercromby,5074496408,nabercromby15@ed.gov,39 Cascade Center
Sibilla,Hercock,3418823981,shercock16@squidoo.com,2296 Upham Parkway
Mace,Relfe,1064916734,mrelfe17@unesco.org,523 Northview Lane
Talia,Eves,9895624377,teves18@harvard.edu,706 Monica Court
Erroll,Wolffers,7524143366,ewolffers19@nationalgeographic.com,2 Declaration Junction
Doll,Lamke,8747844525,dlamke1a@blogspot.com,63 Jana Circle
Addie,Hatfull,8978807357,ahatfull1b@phpbb.com,77 Heffernan Drive
Lynett,Collihole,6214863931,lcollihole1c@earthlink.net,757 Logan Center
Romeo,Knapp,8182335123,rknapp1d@google.fr,15878 Reinke Street
Preston,Gai,1291365269,pgai1e@unc.edu,4554 Lakewood Lane
Welby,Enion,3679746371,wenion1f@t-online.de,4 Lukken Alley
Nevin,Suttling,4902219030,nsuttling1g@i2i.jp,0723 Cascade Plaza
Caddric,Duxfield,5614234700,cduxfield1h@nih.gov,84 Tennessee Junction
Dillie,Underdown,9743751704,dunderdown1i@google.pl,46 Fair Oaks Park
Nikaniki,Kiefer,7938305964,nkiefer1j@cdbaby.com,7 Karstens Way
Graig,Jeavons,6543691536,gjeavons1k@woothemes.com,4 Chinook Court
Terry,Farish,4969950875,tfarish1l@free.fr,93923 Lake View Hill
Kristy,Fairfoul,6011805975,kfairfoul1m@stanford.edu,3 Summer Ridge Way
Marie-ann,Antoni,8692744256,mantoni1n@webmd.com,4 Corben Park
Taryn,Fursse,4588321437,tfursse1o@virginia.edu,79771 New Castle Way
Valina,Sponder,9563540276,vsponder1p@apple.com,7076 Karstens Trail
Siffre,Delatour,9167825552,sdelatour1q@about.com,92543 Rigney Junction
Collie,Musselwhite,8392817425,cmusselwhite1r@craigslist.org,1 Tennessee Point
Avis,Harriott,2889344387,aharriott1s@google.es,22866 Pine View Park
Mimi,Alessandrini,9931409139,malessandrini1t@pen.io,6 Upham Hill
Marne,Sharrem,4838190180,msharrem1u@unesco.org,60562 Aberg Center
Peterus,Baffin,1872120892,pbaffin1v@t.co,94 8th Point
Roderigo,Hallin,6767724444,rhallin1w@china.com.cn,92402 Hovde Circle
Isabelita,Lindroos,7195372413,ilindroos1x@java.com,2 Stuart Circle
Corinne,Sonschein,7934783356,csonschein1y@prweb.com,65 Utah Road
Brooks,Dron,1597931609,bdron1z@uiuc.edu,49510 Laurel Terrace
Lynna,Abercrombie,1816752336,labercrombie20@jimdo.com,050 Ridgeway Drive
Ronny,Grinvalds,8139761788,rgrinvalds21@whitehouse.gov,3014 Sloan Park
Klarika,Ciottoi,7536200151,kciottoi22@freewebs.com,01 Doe Crossing Junction
Geoff,Eddies,8696967295,geddies23@mail.ru,48409 Helena Circle
Barbaraanne,Frowd,8159618161,bfrowd24@google.it,8078 Pankratz Center
Lu,Durrant,9783477200,ldurrant25@columbia.edu,22 Namekagon Alley
Jamesy,Sullivan,3219037972,jsullivan26@narod.ru,071 Summerview Court
Jorie,Colly,1194297397,jcolly27@printfriendly.com,3 Oak Valley Park
Lemar,Coppens,2682030108,lcoppens28@mlb.com,1561 Delaware Avenue
Trula,Aggas,1992731657,taggas29@apache.org,011 Everett Park
Damara,Cockroft,9472936411,dcockroft2a@youtu.be,317 American Ash Crossing
Eddy,Chieze,4916392513,echieze2b@baidu.com,88 Sauthoff Court
Odelinda,Fitzsymons,3818242337,ofitzsymons2c@prlog.org,65592 Banding Junction
Renata,Littlekit,8942657813,rlittlekit2d@lycos.com,88 Vera Drive
Catarina,Cowgill,2651577977,ccowgill2e@bbc.co.uk,355 Harbort Avenue
Faye,Redan,9527405058,fredan2f@cbslocal.com,46 Manitowish Crossing
Almeda,Covely,7369018506,acovely2g@google.pl,5 Clove Parkway
Stuart,Dimmock,9484650275,sdimmock2h@blogspot.com,20098 Division Hill
Marlyn,Haibel,8927027469,mhaibel2i@prweb.com,30221 Sunfield Terrace
Darsey,Beverley,8646913871,dbeverley2j@ucoz.ru,80 Sommers Parkway
Olwen,Gaunt,9542270812,ogaunt2k@economist.com,74846 Canary Place
Rea,Tindley,6414695513,rtindley2l@washington.edu,34 Weeping Birch Court
Jock,Pond-Jones,2695939956,jpondjones2m@sohu.com,77 Harper Circle
Viola,Osboldstone,9788727909,vosboldstone2n@toplist.cz,0 Waywood Terrace
Dyna,Flecknoe,1555646411,dflecknoe2o@fotki.com,3710 Cordelia Hill
Felix,Young,9924605636,fyoung2p@paginegialle.it,66431 Shoshone Terrace
Padraic,Flaxman,4262697076,pflaxman2q@salon.com,2 Ridgeway Drive
Fowler,Danielsen,1537545322,fdanielsen2r@java.com,0994 Crest Line Plaza
